skill,word
Acrobatics,bounce
Acrobatics,dive
Acrobatics,drop
Acrobatics,fall
Acrobatics,hurdle
Acrobatics,plunge
Acrobatics,rise
Acrobatics,upsurge
Acrobatics,vault
Acrobatics,bob
Acrobatics,bound
Acrobatics,buck
Acrobatics,canter
Acrobatics,caper
Acrobatics,capriole
Acrobatics,dance
Acrobatics,gambol
Acrobatics,hop
Acrobatics,hopping
Acrobatics,jar
Acrobatics,jerk
Acrobatics,jolt
Acrobatics,leapfrog
Acrobatics,leapfrogging
Acrobatics,leaping
Acrobatics,lurch
Acrobatics,nosedive
Acrobatics,plummet
Acrobatics,pounce
Acrobatics,saltation
Acrobatics,shock
Acrobatics,skip
Acrobatics,skipping
Acrobatics,spring
Acrobatics,start
Acrobatics,swerve
Acrobatics,twitch
Acrobatics,wrench
Acrobatics,gambade
Acrobatics,upspring
Acrobatics,balancing
Acrobatics,feats
Acrobatics,gymnastics
Acrobatics,somersaults
Acrobatics,stunts
Acrobatics,tumbling
Acrobatics,decline
Acrobatics,decrease
Acrobatics,dip
Acrobatics,drop
Acrobatics,plunge
Acrobatics,recession
Acrobatics,reduction
Acrobatics,slump
Acrobatics,spill
Acrobatics,abatement
Acrobatics,cut
Acrobatics,declivity
Acrobatics,diminution
Acrobatics,dive
Acrobatics,downgrade
Acrobatics,dwindling
Acrobatics,ebb
Acrobatics,header
Acrobatics,incline
Acrobatics,lapse
Acrobatics,lessening
Acrobatics,plummet
Acrobatics,pratfall
Acrobatics,slant
Acrobatics,slip
Acrobatics,slope
Acrobatics,tumble
Acrobatics,belly flop
Acrobatics,downward slope
Acrobatics,falling off
Acrobatics,nose dive
Acrobatics,dock
Acrobatics,settle
Acrobatics,touch down
Acrobatics,alight
Acrobatics,berth
Acrobatics,debark
Acrobatics,disembark
Acrobatics,ditch
Acrobatics,ground
Acrobatics,pilot
Acrobatics,steer
Acrobatics,thump
Acrobatics,bring in
Acrobatics,check in
Acrobatics,come ashore
Acrobatics,come down
Acrobatics,come in
Acrobatics,come to berth
Acrobatics,descend upon
Acrobatics,drop anchor
Acrobatics,flatten out
Acrobatics,get down
Acrobatics,level off
Acrobatics,light on
Acrobatics,make land
Acrobatics,put down
Acrobatics,put in
Acrobatics,set down
Acrobatics,set on deck
Acrobatics,sit down
Acrobatics,splash down
Acrobatics,take down
Acrobatics,descend
Acrobatics,dip
Acrobatics,drop
Acrobatics,flop
Acrobatics,go down
Acrobatics,nose-dive
Acrobatics,plummet
Acrobatics,plunge
Acrobatics,sag
Acrobatics,skid
Acrobatics,slip
Acrobatics,slump
Acrobatics,spill
Acrobatics,stumble
Acrobatics,topple
Acrobatics,disarrange
Acrobatics,disarray
Acrobatics,disorder
Acrobatics,disturb
Acrobatics,down
Acrobatics,flatten
Acrobatics,floor
Acrobatics,jumble
Acrobatics,keel
Acrobatics,level
Acrobatics,pitch
Acrobatics,roll
Acrobatics,toss
Acrobatics,trip
Acrobatics,unsettle
Acrobatics,upset
Acrobatics,bowl down
Acrobatics,bring down
Acrobatics,do a pratfall
Acrobatics,fall headlong
Acrobatics,go belly up
Acrobatics,hit the dirt
Acrobatics,keel over
Acrobatics,knock down
Acrobatics,knock over
Acrobatics,lose footing
Acrobatics,lose it
Acrobatics,mess up
Acrobatics,take a header
Acrobatics,tip over
Animal Handling,beast
Animal Handling,creature
Animal Handling,pet
Animal Handling,being
Animal Handling,brute
Animal Handling,bum
Animal Handling,critter
Animal Handling,invertebrate
Animal Handling,mutt
Animal Handling,stray
Animal Handling,varmint
Animal Handling,vertebrate
Animal Handling,living thing
Animal Handling,wild thing
Animal Handling,colt
Animal Handling,filly
Animal Handling,mare
Animal Handling,stallion
Animal Handling,bronco
Animal Handling,foal
Animal Handling,gelding
Animal Handling,mustang
Animal Handling,nag
Animal Handling,plug
Animal Handling,pony
Animal Handling,steed
Animal Handling,Aardvark
Animal Handling,Alligator
Animal Handling,Alpaca
Animal Handling,Anaconda
Animal Handling,Ant
Animal Handling,Antelope
Animal Handling,Ape
Animal Handling,Aphid
Animal Handling,Armadillo
Animal Handling,Asp
Animal Handling,Ass
Animal Handling,Baboon
Animal Handling,Badger
Animal Handling,Bald Eagle
Animal Handling,Barracuda
Animal Handling,Bass
Animal Handling,Basset Hound
Animal Handling,Bat
Animal Handling,Bear
Animal Handling,Beaver
Animal Handling,Bedbug
Animal Handling,Bee
Animal Handling,Beetle
Animal Handling,Bird
Animal Handling,Bison
Animal Handling,Black panther
Animal Handling,Black Widow Spider
Animal Handling,Blue Jay
Animal Handling,Blue Whale
Animal Handling,Bobcat
Animal Handling,Buffalo
Animal Handling,Butterfly
Animal Handling,Buzzard
Animal Handling,Camel
Animal Handling,Caribou
Animal Handling,Carp
Animal Handling,Cat
Animal Handling,Caterpillar
Animal Handling,Catfish
Animal Handling,Cheetah
Animal Handling,Chicken
Animal Handling,Chimpanzee
Animal Handling,Chipmunk
Animal Handling,Cobra
Animal Handling,Cod
Animal Handling,Condor
Animal Handling,Cougar
Animal Handling,Cow
Animal Handling,Coyote
Animal Handling,Crab
Animal Handling,Crane
Animal Handling,Cricket
Animal Handling,Crocodile
Animal Handling,Crow
Animal Handling,Cuckoo
Animal Handling,Deer
Animal Handling,Dinosaur
Animal Handling,Dog
Animal Handling,Dolphin
Animal Handling,Donkey
Animal Handling,Dove
Animal Handling,Dragonfly
Animal Handling,Duck
Animal Handling,Eagle
Animal Handling,Eel
Animal Handling,Elephant
Animal Handling,Emu
Animal Handling,Falcon
Animal Handling,Ferret
Animal Handling,Finch
Animal Handling,Fish
Animal Handling,Flamingo
Animal Handling,Flea
Animal Handling,Fly
Animal Handling,Fox
Animal Handling,Frog
Animal Handling,Goat
Animal Handling,Goose
Animal Handling,Gopher
Animal Handling,Gorilla
Animal Handling,Grasshopper
Animal Handling,Hamster
Animal Handling,Hare
Animal Handling,Hawk
Animal Handling,Hippopotamus
Animal Handling,Horse
Animal Handling,Hummingbird
Animal Handling,Humpback Whale
Animal Handling,Husky
Animal Handling,Iguana
Animal Handling,Impala
Animal Handling,Kangaroo
Animal Handling,Ladybug
Animal Handling,Leopard
Animal Handling,Lion
Animal Handling,Lizard
Animal Handling,Llama
Animal Handling,Lobster
Animal Handling,Mongoose
Animal Handling,Monitor lizard
Animal Handling,Monkey
Animal Handling,Moose
Animal Handling,Mosquito
Animal Handling,Moth
Animal Handling,Mountain goat
Animal Handling,Mouse
Animal Handling,Mule
Animal Handling,Octopus
Animal Handling,Orca
Animal Handling,Ostrich
Animal Handling,Otter
Animal Handling,Owl
Animal Handling,Ox
Animal Handling,Oyster
Animal Handling,Panda
Animal Handling,Parrot
Animal Handling,Peacock
Animal Handling,Pelican
Animal Handling,Penguin
Animal Handling,Perch
Animal Handling,Pheasant
Animal Handling,Pig
Animal Handling,Pigeon
Animal Handling,Polar bear
Animal Handling,Porcupine
Animal Handling,Quail
Animal Handling,Rabbit
Animal Handling,Raccoon
Animal Handling,Rat
Animal Handling,Rattlesnake
Animal Handling,Raven
Animal Handling,Rooster
Animal Handling,Sea lion
Animal Handling,Sheep
Animal Handling,Shrew
Animal Handling,Skunk
Animal Handling,Snail
Animal Handling,Snake
Animal Handling,Spider
Animal Handling,Tiger
Animal Handling,Walrus
Animal Handling,Whale
Animal Handling,Wolf
Animal Handling,Zebra
Arcana,fascination
Arcana,illusion
Arcana,wizardry
Arcana,alchemy
Arcana,allurement
Arcana,astrology
Arcana,augury
Arcana,bewitchment
Arcana,conjuring
Arcana,conjury
Arcana,devilry
Arcana,diabolism
Arcana,divination
Arcana,enchantment
Arcana,exorcism
Arcana,foreboding
Arcana,horoscopy
Arcana,incantation
Arcana,legerdemain
Arcana,magnetism
Arcana,necromancy
Arcana,occultism
Arcana,power
Arcana,prediction
Arcana,presage
Arcana,prestidigitation
Arcana,prophecy
Arcana,rune
Arcana,soothsaying
Arcana,sorcery
Arcana,spell
Arcana,superstition
Arcana,taboo
Arcana,thaumaturgy
Arcana,voodoo
Arcana,voodooism
Arcana,witchcraft
Arcana,black art
Arcana,fortune-telling
Arcana,hocuspocus
Arcana,of impossible feats by tricks abracadabra
Arcana,abracadabra
Arcana,allure
Arcana,amulet
Arcana,bewitching
Arcana,bewitchment
Arcana,charm
Arcana,conjuration
Arcana,enchanting
Arcana,enchantment
Arcana,exorcism
Arcana,fascination
Arcana,glamour
Arcana,hex
Arcana,hexing
Arcana,hocus-pocus
Arcana,incantation
Arcana,jinx
Arcana,magic
Arcana,rune
Arcana,sorcery
Arcana,talisman
Arcana,trance
Arcana,voodoo
Arcana,whack
Arcana,whammy
Arcana,witchery
Arcana,mumbo jumbo
Arcana,esoteric
Arcana,impenetrable
Arcana,cabalistic
Arcana,mysterious
Arcana,mystic
Arcana,occult
Arcana,recondite
Arcana,unaccountable
Arcana,unknowable
Athletics,ascend
Athletics,clamber
Athletics,go up
Athletics,rise
Athletics,scale
Athletics,soar
Athletics,top
Athletics,escalade
Athletics,bounce
Athletics,bound
Athletics,dive
Athletics,drop
Athletics,fall
Athletics,hop
Athletics,plummet
Athletics,skip
Athletics,surge
Athletics,take
Athletics,top
Athletics,vault
Athletics,barge
Athletics,bob
Athletics,buck
Athletics,canter
Athletics,caper
Athletics,clear
Athletics,curvet
Athletics,gambol
Athletics,hurdle
Athletics,hurtle
Athletics,jerk
Athletics,jiggle
Athletics,jounce
Athletics,lollop
Athletics,lop
Athletics,lunge
Athletics,lurch
Athletics,parachute
Athletics,pop
Athletics,quiver
Athletics,rattle
Athletics,ricochet
Athletics,saltate
Athletics,shake
Athletics,sky
Athletics,somersault
Athletics,trip
Athletics,waver
Athletics,wobble
Athletics,bail out
Athletics,bathe
Athletics,crawl
Athletics,dive
Athletics,float
Athletics,glide
Athletics,paddle
Athletics,submerge
Athletics,wade
Athletics,freestyle
Athletics,move
Athletics,practice
Athletics,race
Athletics,skinny-dip
Athletics,slip
Athletics,stroke
Athletics,breast-stroke
Athletics,dog-paddle
Athletics,go for a swim
Athletics,go swimming
Athletics,go wading
Athletics,high-dive
Athletics,take a dip
Athletics,accelerate
Athletics,bump
Athletics,depress
Athletics,drive
Athletics,force
Athletics,launch
Athletics,move
Athletics,nudge
Athletics,pressure
Athletics,propel
Athletics,shift
Athletics,shove
Athletics,budge
Athletics,bulldoze
Athletics,butt
Athletics,crowd
Athletics,dig
Athletics,elbow
Athletics,exert
Athletics,gore
Athletics,hustle
Athletics,impel
Athletics,jam
Athletics,jostle
Athletics,muscle
Athletics,poke
Athletics,railroad
Athletics,ram
Athletics,shoulder
Athletics,squash
Athletics,squeeze
Athletics,squish
Athletics,steamroll
Athletics,stir
Athletics,strain
Athletics,strong-arm
Athletics,bear down
Athletics,crush against
Athletics,high pressure
Athletics,lie on
Athletics,make one's way
Athletics,pour it on
Athletics,put the arm on
Athletics,rest on
Athletics,drag
Athletics,haul
Athletics,pick
Athletics,pluck
Athletics,remove
Athletics,rip
Athletics,stretch
Athletics,take out
Athletics,tear
Athletics,tow
Athletics,trail
Athletics,tug
Athletics,yank
Athletics,cull
Athletics,dislocate
Athletics,evolve
Athletics,extract
Athletics,gather
Athletics,heave
Athletics,jerk
Athletics,lug
Athletics,paddle
Athletics,rend
Athletics,row
Athletics,sprain
Athletics,strain
Athletics,truck
Athletics,twitch
Athletics,uproot
Athletics,weed
Athletics,wrench
Athletics,schlepp
Deception,advise
Deception,announce
Deception,confess
Deception,declare
Deception,disclose
Deception,explain
Deception,express
Deception,inform
Deception,instruct
Deception,mention
Deception,notify
Deception,order
Deception,report
Deception,reveal
Deception,say
Deception,speak
Deception,state
Deception,summon
Deception,acquaint
Deception,apprise
Deception,authorize
Deception,bid
Deception,command
Deception,direct
Deception,divulge
Deception,enjoin
Deception,impart
Deception,leak
Deception,level
Deception,proclaim
Deception,recite
Deception,represent
Deception,require
Deception,utter
Deception,break the news
Deception,call upon
Deception,clue in
Deception,fill in
Deception,give facts
Deception,give out
Deception,keep posted
Deception,lay open
Deception,leave word
Deception,let in on
Deception,let know
Deception,let slip
Deception,make known
Deception,open up
Deception,put before
Deception,reel off
Deception,spit it out
Deception,deceive
Deception,mislead
Deception,misrepresent
Deception,promote
Deception,BS
Deception,beguile
Deception,bull
Deception,con
Deception,concoct
Deception,delude
Deception,dissemble
Deception,dissimulate
Deception,distort
Deception,dupe
Deception,equivocate
Deception,exaggerate
Deception,fabricate
Deception,fake
Deception,falsify
Deception,fib
Deception,forswear
Deception,frame
Deception,fudge
Deception,invent
Deception,malign
Deception,misguide
Deception,misinform
Deception,misspeak
Deception,misstate
Deception,overdraw
Deception,palter
Deception,perjure
Deception,pervert
Deception,phony
Deception,plant
Deception,prevaricate
Deception,snow
Deception,soft-soap
Deception,victimize
Deception,be untruthful
Deception,bear false witness
Deception,break promise
Deception,go back on
Deception,make believe
Deception,misinstruct
Deception,put on
Deception,put up a front
Deception,string along
Deception,betray
Deception,cheat
Deception,circumvent
Deception,defraud
Deception,delude
Deception,disappoint
Deception,dupe
Deception,entrap
Deception,falsify
Deception,fool
Deception,hoodwink
Deception,swindle
Deception,trick
Deception,victimize
Deception,bamboozle
Deception,beat
Deception,beguile
Deception,bilk
Deception,buffalo
Deception,burn
Deception,clip
Deception,con
Deception,cozen
Deception,ensnare
Deception,fake
Deception,fleece
Deception,gouge
Deception,gull
Deception,hoax
Deception,hook
Deception,humbug
Deception,outwit
Deception,rob
Deception,scam
Deception,screw
Deception,sell
Deception,skin
Deception,beat out of
Deception,cross up
Deception,double-cross
Deception,impose upon
Deception,lead on
Deception,play joke on
Deception,pull fast one
Deception,put on
Deception,suck in
Deception,take advantage of
Deception,take for
Deception,take for ride
Deception,take in
Deception,take to cleaners
Deception,betrayal
Deception,deceit
Deception,disinformation
Deception,duplicity
Deception,falsehood
Deception,fraud
Deception,hypocrisy
Deception,lying
Deception,mendacity
Deception,treachery
Deception,trickery
Deception,untruth
Deception,beguilement
Deception,blarney
Deception,boondoggle
Deception,cheat
Deception,circumvention
Deception,cozenage
Deception,craftiness
Deception,cunning
Deception,deceitfulness
Deception,deceptiveness
Deception,dirt
Deception,dissimulation
Deception,double-dealing
Deception,dupery
Deception,equivocation
Deception,flimflam
Deception,fraudulence
Deception,guile
Deception,hokum
Deception,imposition
Deception,insincerity
Deception,juggling
Deception,legerdemain
Deception,pretense
Deception,prevarication
Deception,sophism
Deception,treason
Deception,trickiness
Deception,trumpery
Deception,defraudation
Deception,fast one
Deception,snow job
Deception,cover-up
Deception,fraud
Deception,hoax
Deception,illusion
Deception,lie
Deception,ruse
Deception,scam
Deception,subterfuge
Deception,trick
Deception,artifice
Deception,bluff
Deception,catch
Deception,cheat
Deception,chicane
Deception,con
Deception,crock
Deception,decoy
Deception,device
Deception,dodge
Deception,fallacy
Deception,feint
Deception,fib
Deception,gimmick
Deception,hogwash
Deception,hustle
Deception,imposture
Deception,jive
Deception,malarkey
Deception,pretext
Deception,ride
Deception,sham
Deception,shift
Deception,shuck
Deception,snare
Deception,stall
Deception,sting
Deception,story
Deception,stratagem
Deception,swindle
Deception,trap
Deception,whitewash
Deception,wile
Deception,wrinkle
Deception,bilk
Deception,con game
Deception,confidence game
Deception,fast one
Deception,fast shuffle
Deception,mare's-nest
Deception,snow job
History,past
History,antiquity
History,yesterday
History,yesteryear
History,ancient times
History,bygone times
History,days of old
History,days of yore
History,good old days
History,old days
History,olden days
History,account
History,annals
History,biography
History,record
History,relation
History,story
History,tale
History,autobiography
History,diary
History,epic
History,journal
History,memoirs
History,narration
History,narrative
History,prehistory
History,recapitulation
History,recital
History,report
History,saga
History,version
History,documented
History,listed
History,registered
History,reported
History,taped
History,cataloged
History,certified
History,chronicled
History,entered
History,filed
History,inscribed
History,noted
History,published
History,in writing
History,on file
History,on record
History,commemorate
History,get
History,learn
History,look back
History,recall
History,recognize
History,relive
History,remind
History,bethink
History,cite
History,educe
History,elicit
History,enshrine
History,extract
History,memorialize
History,memorize
History,mind
History,recollect
History,reminisce
History,retain
History,retrospect
History,revive
History,revoke
History,treasure
History,bear in mind
History,brood over
History,call to mind
History,call up
History,conjure up
History,dig into the past
History,dwell upon
History,fix in the mind
History,flash on
History,go back
History,have memories
History,hold dear
History,keep forever
History,know by heart
History,nail down
History,refresh memory
History,ring a bell
History,strike a note
History,summon up
History,think back
History,remember
History,admit
History,know
History,make
History,note
History,notice
History,observe
History,perceive
History,remember
History,see
History,descry
History,diagnose
History,distinguish
History,espy
History,finger
History,nail
History,peg
History,pinpoint
History,place
History,recall
History,recollect
History,remark
History,sight
History,spot
History,tag
History,verify
History,be familiar
History,button down
History,determinate
History,diagnosticate
History,flash on
History,know again
History,make out
History,ring a bell
History,tab
History,appreciate
History,experience
History,have
History,learn
History,notice
History,perceive
History,realize
History,recognize
History,see
History,apperceive
History,apprehend
History,cognize
History,comprehend
History,differentiate
History,discern
History,discriminate
History,distinguish
History,fathom
History,grasp
History,ken
History,prize
History,undergo
History,be acquainted
History,be cognizant
History,be conversant in
History,be informed
History,be learned
History,be master of
History,be read
History,be schooled
History,be versed
History,feel certain
History,get the idea
History,have down pat
History,have information
History,have knowledge of
History,keep up on
History,on top of
Insight,determine
Insight,imply
Insight,indicate
Insight,involve
Insight,portend
Insight,promise
Insight,represent
Insight,say
Insight,spell
Insight,suggest
Insight,adumbrate
Insight,allude
Insight,argue
Insight,attest
Insight,augur
Insight,betoken
Insight,connote
Insight,denote
Insight,designate
Insight,express
Insight,foreshadow
Insight,foretell
Insight,herald
Insight,import
Insight,intimate
Insight,name
Insight,presage
Insight,purport
Insight,symbolize
Insight,add up
Insight,allude to
Insight,drive at
Insight,hint at
Insight,point to
Insight,speak of
Insight,stand for
Insight,tell the meaning of
Insight,touch on
Insight,aim
Insight,anticipate
Insight,design
Insight,expect
Insight,make
Insight,plan
Insight,propose
Insight,want
Insight,aspire
Insight,contemplate
Insight,desire
Insight,destine
Insight,direct
Insight,fate
Insight,fit
Insight,match
Insight,predestine
Insight,preordain
Insight,purpose
Insight,resolve
Insight,suit
Insight,wish
Insight,set out
Insight,acumen
Insight,intuition
Insight,judgment
Insight,observation
Insight,understanding
Insight,vision
Insight,wisdom
Insight,click
Insight,comprehension
Insight,discernment
Insight,divination
Insight,drift
Insight,penetration
Insight,perception
Insight,perceptivity
Insight,perspicacity
Insight,sagaciousness
Insight,sagacity
Insight,sapience
Insight,shrewdness
Insight,wavelength
Insight,sageness
Insight,hunch
Insight,instinct
Insight,ESP
Insight,clairvoyance
Insight,discernment
Insight,divination
Insight,feeling
Insight,foreknowledge
Insight,inspiration
Insight,nose
Insight,penetration
Insight,perception
Insight,perceptivity
Insight,premonition
Insight,presentiment
Insight,gut reaction
Insight,innate knowledge
Insight,intuitiveness
Insight,second sight
Insight,sixth sense
Insight,confidence
Insight,expectation
Insight,faith
Insight,hope
Insight,assurance
Insight,certainty
Insight,certitude
Insight,conviction
Insight,credence
Insight,credit
Insight,dependence
Insight,positiveness
Insight,reliance
Insight,stock
Insight,store
Insight,sureness
Insight,entrustment
Insight,gospel truth
Intimidation,alarm
Intimidation,appall
Intimidation,awe
Intimidation,bully
Intimidation,coerce
Intimidation,constrain
Intimidation,daunt
Intimidation,dishearten
Intimidation,dismay
Intimidation,scare
Intimidation,subdue
Intimidation,terrify
Intimidation,terrorize
Intimidation,badger
Intimidation,bait
Intimidation,bludgeon
Intimidation,bluster
Intimidation,browbeat
Intimidation,buffalo
Intimidation,bulldoze
Intimidation,chill
Intimidation,compel
Intimidation,cow
Intimidation,dispirit
Intimidation,disquiet
Intimidation,dragoon
Intimidation,enforce
Intimidation,force
Intimidation,hound
Intimidation,oblige
Intimidation,overawe
Intimidation,ride
Intimidation,ruffle
Intimidation,spook
Intimidation,strong-arm
Intimidation,bowl over
Intimidation,lean on
Intimidation,push around
Intimidation,showboat
Intimidation,twist someone's arm
Intimidation,call out
Intimidation,cheer
Intimidation,clamor
Intimidation,exclaim
Intimidation,holler
Intimidation,roar
Intimidation,scream
Intimidation,screech
Intimidation,shriek
Intimidation,whoop
Intimidation,yell
Intimidation,bawl
Intimidation,bay
Intimidation,bellow
Intimidation,squall
Intimidation,squawk
Intimidation,vociferate
Intimidation,yammer
Intimidation,yap
Intimidation,yawp
Intimidation,raise voice
Intimidation,blackmail
Intimidation,hazard
Intimidation,intimidation
Intimidation,menace
Intimidation,peril
Intimidation,risk
Intimidation,bluff
Intimidation,commination
Intimidation,fix
Intimidation,foreboding
Intimidation,foreshadowing
Intimidation,fulmination
Intimidation,impendence
Intimidation,omen
Intimidation,portent
Intimidation,presage
Intimidation,thunder
Intimidation,writing on the wall
Investigation,ambush
Investigation,bait
Investigation,booby trap
Investigation,device
Investigation,net
Investigation,pitfall
Investigation,ploy
Investigation,quagmire
Investigation,ruse
Investigation,allurement
Investigation,ambuscade
Investigation,artifice
Investigation,come-on
Investigation,conspiracy
Investigation,deception
Investigation,decoy
Investigation,dragnet
Investigation,enticement
Investigation,feint
Investigation,gambit
Investigation,hook
Investigation,intrigue
Investigation,lasso
Investigation,lure
Investigation,machination
Investigation,maneuver
Investigation,noose
Investigation,plot
Investigation,prank
Investigation,quicksand
Investigation,snag
Investigation,stratagem
Investigation,subterfuge
Investigation,temptation
Investigation,wile
Investigation,inveiglement
Investigation,seducement
Investigation,analysis
Investigation,case
Investigation,examination
Investigation,hearing
Investigation,inquiry
Investigation,inspection
Investigation,probe
Investigation,research
Investigation,review
Investigation,scrutiny
Investigation,search
Investigation,study
Investigation,survey
Investigation,exploration
Investigation,gander
Investigation,hustle
Investigation,inquest
Investigation,inquisition
Investigation,observation
Investigation,pike
Investigation,quest
Investigation,quiz
Investigation,sounding
Investigation,surveying
Investigation,delving
Investigation,fact-finding
Investigation,legwork
Investigation,observing
Investigation,probing
Investigation,examination
Investigation,exploration
Investigation,hunt
Investigation,inquiry
Investigation,inspection
Investigation,investigation
Investigation,pursuit
Investigation,quest
Investigation,research
Investigation,chase
Investigation,frisking
Investigation,going-over
Investigation,inquest
Investigation,pursual
Investigation,pursuance
Investigation,pursuing
Investigation,rummage
Investigation,scrutiny
Investigation,shakedown
Investigation,fishing expedition
Investigation,legwork
Investigation,perquisition
Investigation,wild-goose chase
Investigation,witch hunt
Investigation,check
Investigation,comb
Investigation,examine
Investigation,explore
Investigation,go through
Investigation,hunt
Investigation,hunt for
Investigation,inspect
Investigation,investigate
Investigation,look
Investigation,probe
Investigation,ransack
Investigation,scan
Investigation,scour
Investigation,scout
Investigation,scrutinize
Investigation,seek
Investigation,sift
Investigation,beat
Investigation,ferret
Investigation,forage
Investigation,frisk
Investigation,grope
Investigation,grub
Investigation,inquire
Investigation,prospect
Investigation,pry
Investigation,quest
Investigation,rake
Investigation,root
Investigation,rummage
Investigation,study
Investigation,beat about
Investigation,cast about
Investigation,chase after
Investigation,go in quest of
Investigation,go over with a fine-tooth comb
Investigation,gun for
Investigation,leave no stone unturned
Investigation,look for
Investigation,look high and low
Investigation,look over
Investigation,poke into
Investigation,rifle through
Investigation,run down
Investigation,shake down
Investigation,smell around
Investigation,track down
Investigation,turn inside out
Investigation,turn upside down
Investigation,detect
Investigation,discover
Investigation,encounter
Investigation,identify
Investigation,locate
Investigation,meet
Investigation,notice
Investigation,recover
Investigation,spot
Investigation,strike
Investigation,turn up
Investigation,uncover
Investigation,unearth
Investigation,collar
Investigation,corral
Investigation,descry
Investigation,discern
Investigation,distinguish
Investigation,espy
Investigation,expose
Investigation,observe
Investigation,perceive
Investigation,pinpoint
Investigation,recognize
Investigation,sight
Investigation,arrive at
Investigation,bring to light
Investigation,bump into
Investigation,chance upon
Investigation,come across
Investigation,come up with
Investigation,come upon
Investigation,dig up
Investigation,fall in with
Investigation,ferret out
Investigation,happen upon
Investigation,hit upon
Investigation,lay fingers on
Investigation,light upon
Investigation,make out
Investigation,run across
Investigation,run into
Investigation,scare up
Investigation,smoke out
Investigation,stumble upon
Investigation,track down
Investigation,trip on
Medicine,alleviate
Medicine,fix
Medicine,improve
Medicine,mend
Medicine,rebuild
Medicine,reconcile
Medicine,regenerate
Medicine,rehabilitate
Medicine,rejuvenate
Medicine,repair
Medicine,restore
Medicine,revive
Medicine,settle
Medicine,soothe
Medicine,treat
Medicine,ameliorate
Medicine,attend
Medicine,compose
Medicine,conciliate
Medicine,convalesce
Medicine,doctor
Medicine,dress
Medicine,free
Medicine,harmonize
Medicine,knit
Medicine,medicate
Medicine,meliorate
Medicine,reanimate
Medicine,remedy
Medicine,renew
Medicine,renovate
Medicine,resuscitate
Medicine,revivify
Medicine,salve
Medicine,set
Medicine,bring around
Medicine,get well
Medicine,make healthy
Medicine,make sound
Medicine,make well
Medicine,make whole
Medicine,minister to
Medicine,patch up
Medicine,physic
Medicine,put on feet again
Medicine,bruise
Medicine,cut
Medicine,damage
Medicine,grief
Medicine,laceration
Medicine,lesion
Medicine,pain
Medicine,shock
Medicine,trauma
Medicine,anguish
Medicine,distress
Medicine,gash
Medicine,harm
Medicine,heartbreak
Medicine,hurt
Medicine,insult
Medicine,pang
Medicine,slash
Medicine,torment
Medicine,torture
Medicine,antibiotic
Medicine,cure
Medicine,drug
Medicine,medication
Medicine,pharmaceutical
Medicine,pill
Medicine,prescription
Medicine,remedy
Medicine,anesthetic
Medicine,antidote
Medicine,antiseptic
Medicine,antitoxin
Medicine,balm
Medicine,capsule
Medicine,dose
Medicine,elixir
Medicine,injection
Medicine,inoculation
Medicine,liniment
Medicine,lotion
Medicine,medicament
Medicine,ointment
Medicine,physic
Medicine,potion
Medicine,salve
Medicine,sedative
Medicine,serum
Medicine,tablet
Medicine,tincture
Medicine,tonic
Medicine,vaccination
Medicine,vaccine
Medicine,biologic
Medicine,pharmacon
Medicine,antidote
Medicine,drug
Medicine,elixir
Medicine,fix
Medicine,healing
Medicine,medication
Medicine,medicine
Medicine,panacea
Medicine,placebo
Medicine,quick fix
Medicine,recovery
Medicine,remedy
Medicine,treatment
Medicine,aid
Medicine,alleviation
Medicine,assistance
Medicine,catholicon
Medicine,corrective
Medicine,countermeasure
Medicine,help
Medicine,medicament
Medicine,nostrum
Medicine,physic
Medicine,proprietary
Medicine,redress
Medicine,reparation
Medicine,therapeutic
Medicine,counteractant
Medicine,counteragent
Medicine,elixir vitae
Medicine,healing agent
Medicine,medicant
Medicine,pharmacon
Medicine,restora-tive
Medicine,alleviate
Medicine,ameliorate
Medicine,correct
Medicine,improve
Medicine,mend
Medicine,rectify
Medicine,redress
Medicine,rehabilitate
Medicine,relieve
Medicine,remedy
Medicine,repair
Medicine,restore
Medicine,treat
Medicine,attend
Medicine,better
Medicine,doctor
Medicine,dose
Medicine,dress
Medicine,help
Medicine,kick
Medicine,medicate
Medicine,nurse
Medicine,palliate
Medicine,right
Medicine,shake
Medicine,cold turkey
Medicine,dry out
Medicine,kick the habit
Medicine,make better
Medicine,make healthy
Medicine,make whole
Medicine,minister to
Medicine,quit cold
Medicine,restore to health
Medicine,sweat it out
Medicine,bacteria
Medicine,contamination
Medicine,germ
Medicine,toxin
Medicine,venom
Medicine,virus
Medicine,Cancer
Medicine,adulteration
Medicine,bane
Medicine,blight
Medicine,contagion
Medicine,corruption
Medicine,infection
Medicine,malignancy
Medicine,miasma
Medicine,toxicant
Medicine,toxoid
Medicine,venin
Nature,forest
Nature,sapling
Nature,seedling
Nature,shrub
Nature,timber
Nature,wood
Nature,hardwood
Nature,pulp
Nature,softwood
Nature,stock
Nature,topiary
Nature,woods
Nature,jungle
Nature,park
Nature,thicket
Nature,timber
Nature,wood
Nature,woodland
Nature,backwoods
Nature,brake
Nature,chase
Nature,clump
Nature,coppice
Nature,copse
Nature,cover
Nature,covert
Nature,grove
Nature,growth
Nature,shelter
Nature,stand
Nature,timberland
Nature,weald
Nature,flower
Nature,grass
Nature,herb
Nature,seedling
Nature,shrub
Nature,tree
Nature,vine
Nature,weed
Nature,annual
Nature,biennial
Nature,bush
Nature,creeper
Nature,cutting
Nature,greenery
Nature,perennial
Nature,shoot
Nature,slip
Nature,sprout
Nature,beast
Nature,creature
Nature,pet
Nature,being
Nature,brute
Nature,bum
Nature,critter
Nature,invertebrate
Nature,mutt
Nature,stray
Nature,varmint
Nature,vertebrate
Nature,living thing
Nature,wild thing
Nature,colt
Nature,filly
Nature,mare
Nature,stallion
Nature,bronco
Nature,foal
Nature,gelding
Nature,mustang
Nature,nag
Nature,plug
Nature,pony
Nature,steed
Nature,Aardvark
Nature,Alligator
Nature,Alpaca
Nature,Anaconda
Nature,Ant
Nature,Antelope
Nature,Ape
Nature,Aphid
Nature,Armadillo
Nature,Asp
Nature,Ass
Nature,Baboon
Nature,Badger
Nature,Bald Eagle
Nature,Barracuda
Nature,Bass
Nature,Basset Hound
Nature,Bat
Nature,Bear
Nature,Beaver
Nature,Bedbug
Nature,Bee
Nature,Beetle
Nature,Bird
Nature,Bison
Nature,Black panther
Nature,Black Widow Spider
Nature,Blue Jay
Nature,Blue Whale
Nature,Bobcat
Nature,Buffalo
Nature,Butterfly
Nature,Buzzard
Nature,Camel
Nature,Caribou
Nature,Carp
Nature,Cat
Nature,Caterpillar
Nature,Catfish
Nature,Cheetah
Nature,Chicken
Nature,Chimpanzee
Nature,Chipmunk
Nature,Cobra
Nature,Cod
Nature,Condor
Nature,Cougar
Nature,Cow
Nature,Coyote
Nature,Crab
Nature,Crane
Nature,Cricket
Nature,Crocodile
Nature,Crow
Nature,Cuckoo
Nature,Deer
Nature,Dinosaur
Nature,Dog
Nature,Dolphin
Nature,Donkey
Nature,Dove
Nature,Dragonfly
Nature,Duck
Nature,Eagle
Nature,Eel
Nature,Elephant
Nature,Emu
Nature,Falcon
Nature,Ferret
Nature,Finch
Nature,Fish
Nature,Flamingo
Nature,Flea
Nature,Fly
Nature,Fox
Nature,Frog
Nature,Goat
Nature,Goose
Nature,Gopher
Nature,Gorilla
Nature,Grasshopper
Nature,Hamster
Nature,Hare
Nature,Hawk
Nature,Hippopotamus
Nature,Horse
Nature,Hummingbird
Nature,Humpback Whale
Nature,Husky
Nature,Iguana
Nature,Impala
Nature,Kangaroo
Nature,Ladybug
Nature,Leopard
Nature,Lion
Nature,Lizard
Nature,Llama
Nature,Lobster
Nature,Mongoose
Nature,Monitor lizard
Nature,Monkey
Nature,Moose
Nature,Mosquito
Nature,Moth
Nature,Mountain goat
Nature,Mouse
Nature,Mule
Nature,Octopus
Nature,Orca
Nature,Ostrich
Nature,Otter
Nature,Owl
Nature,Ox
Nature,Oyster
Nature,Panda
Nature,Parrot
Nature,Peacock
Nature,Pelican
Nature,Penguin
Nature,Perch
Nature,Pheasant
Nature,Pig
Nature,Pigeon
Nature,Polar bear
Nature,Porcupine
Nature,Quail
Nature,Rabbit
Nature,Raccoon
Nature,Rat
Nature,Rattlesnake
Nature,Raven
Nature,Rooster
Nature,Sea lion
Nature,Sheep
Nature,Shrew
Nature,Skunk
Nature,Snail
Nature,Snake
Nature,Spider
Nature,Tiger
Nature,Walrus
Nature,Whale
Nature,Wolf
Nature,Zebra
Perception,alertness
Perception,appreciation
Perception,attention
Perception,consciousness
Perception,experience
Perception,information
Perception,perception
Perception,realization
Perception,recognition
Perception,understanding
Perception,acquaintance
Perception,acquaintanceship
Perception,aliveness
Perception,apprehension
Perception,attentiveness
Perception,cognizance
Perception,comprehension
Perception,discernment
Perception,enlightenment
Perception,familiarity
Perception,keenness
Perception,mindfulness
Perception,sensibility
Perception,sentience
Perception,bodhi
Perception,attention
Perception,eye
Perception,glance
Perception,glimpse
Perception,peek
Perception,review
Perception,stare
Perception,view
Perception,beholding
Perception,case
Perception,cast
Perception,contemplation
Perception,flash
Perception,gander
Perception,gaze
Perception,gun
Perception,inspection
Perception,introspection
Perception,leer
Perception,marking
Perception,noticing
Perception,observation
Perception,once-over
Perception,reconnaissance
Perception,regard
Perception,regarding
Perception,scrutiny
Perception,sight
Perception,slant
Perception,speculation
Perception,squint
Perception,surveillance
Perception,survey
Perception,swivel
Perception,viewing
Perception,evil eye
Perception,keeping watch
Perception,look-see
Perception,consider
Perception,glance
Perception,notice
Perception,peer
Perception,read
Perception,see
Perception,stare
Perception,study
Perception,view
Perception,watch
Perception,admire
Perception,attend
Perception,behold
Perception,beware
Perception,contemplate
Perception,eye
Perception,flash
Perception,focus
Perception,gape
Perception,gawk
Perception,gaze
Perception,glower
Perception,goggle
Perception,heed
Perception,inspect
Perception,mark
Perception,mind
Perception,note
Perception,observe
Perception,ogle
Perception,peep
Perception,regard
Perception,rubberneck
Perception,scan
Perception,scout
Perception,scrutinize
Perception,spot
Perception,spy
Perception,survey
Perception,tend
Perception,feast one's eyes
Perception,get a load of
Perception,pore over
Perception,take a gander
Perception,take in the sights
Perception,detect
Perception,examine
Perception,identify
Perception,look
Perception,look at
Perception,notice
Perception,observe
Perception,recognize
Perception,regard
Perception,spot
Perception,view
Perception,watch
Perception,witness
Perception,beam
Perception,behold
Perception,clock
Perception,contemplate
Perception,descry
Perception,discern
Perception,distinguish
Perception,espy
Perception,eye
Perception,flash
Perception,gape
Perception,gawk
Perception,gaze
Perception,glare
Perception,glimpse
Perception,heed
Perception,inspect
Perception,mark
Perception,mind
Perception,note
Perception,peek
Perception,peep
Perception,peer
Perception,peg
Perception,penetrate
Perception,pierce
Perception,remark
Perception,scan
Perception,scope
Perception,scrutinize
Perception,sight
Perception,spy
Perception,stare
Perception,survey
Perception,be apprised of
Perception,catch a glimpse of
Perception,catch sight of
Perception,get a load of
Perception,lay eyes on
Perception,make out
Perception,pay attention to
Perception,take notice
Perception,accept
Perception,admit
Perception,attend
Perception,get
Perception,observe
Perception,take notice
Perception,tune in
Perception,adopt
Perception,audit
Perception,auscultate
Perception,catch
Perception,concentrate
Perception,eavesdrop
Perception,entertain
Perception,hark
Perception,harken
Perception,hearken
Perception,mind
Perception,monitor
Perception,obey
Perception,overhear
Perception,receive
Perception,welcome
Perception,auscult
Perception,be all ears
Perception,be attentive
Perception,get a load of
Perception,give an audience to
Perception,give attention
Perception,give heed to
Perception,hang on words
Perception,hear out
Perception,hear tell
Perception,lend an ear
Perception,pick up on
Perception,prick up ears
Perception,take advice
Perception,take into consideration
Perception,take under advisement
Perception,tune in on
Perception,attend
Perception,get
Perception,listen
Perception,overhear
Perception,pick up
Perception,read
Perception,apprehend
Perception,auscultate
Perception,catch
Perception,descry
Perception,devour
Perception,eavesdrop
Perception,hark
Perception,hearken
Perception,heed
Perception,strain
Perception,be all ears
Perception,become aware
Perception,get an earful
Perception,get wind of
Perception,give an audience to
Perception,give attention
Perception,give ears
Perception,make out
Perception,take in
Perception,breathe
Perception,detect
Perception,inhale
Perception,sniff
Perception,discover
Perception,find
Perception,identify
Perception,nose
Perception,scent
Performance,belt out
Performance,chant
Performance,croon
Performance,hum
Performance,intone
Performance,serenade
Performance,shout
Performance,wait
Performance,warble
Performance,whistle
Performance,buzz
Performance,cantillate
Performance,carol
Performance,chirp
Performance,choir
Performance,descant
Performance,groan
Performance,harmonize
Performance,hymn
Performance,mouth
Performance,pipe
Performance,purr
Performance,resound
Performance,roar
Performance,singsong
Performance,solo
Performance,trill
Performance,troll
Performance,tune
Performance,vocalize
Performance,whine
Performance,yodel
Performance,burst into song
Performance,canary
Performance,duet
Performance,lift up a voice
Performance,line out
Performance,lullaby
Performance,make melody
Performance,air
Performance,anthem
Performance,aria
Performance,ballad
Performance,canticle
Performance,carol
Performance,chant
Performance,chorale
Performance,chorus
Performance,ditty
Performance,expression
Performance,hymn
Performance,lay
Performance,lullaby
Performance,lyric
Performance,melody
Performance,number
Performance,oldie
Performance,opera
Performance,piece
Performance,poem
Performance,psalm
Performance,refrain
Performance,rock
Performance,round
Performance,shanty
Performance,strain
Performance,tune
Performance,verse
Performance,vocal
Performance,golden oldie
Performance,rock and roll
Performance,Bagpipes
Performance,Drum
Performance,Dulcimer
Performance,Flute
Performance,Horn
Performance,Lute
Performance,Lyre
Performance,Pan Flute
Performance,Shawm
Performance,Viol
Performance,display
Performance,execute
Performance,give
Performance,go on
Performance,offer
Performance,play
Performance,present
Performance,produce
Performance,represent
Performance,show
Performance,stage
Performance,discourse
Performance,dramatize
Performance,emote
Performance,enact
Performance,exhibit
Performance,ham
Performance,impersonate
Performance,personate
Performance,playact
Performance,render
Performance,act out
Performance,appear as
Performance,be on
Performance,bring down the house
Performance,do a number
Performance,do a turn
Performance,ham it up
Performance,put on
Performance,tread the boards
Performance,melody
Performance,opera
Performance,piece
Performance,rap
Performance,rock
Performance,singing
Performance,soul
Performance,tune
Performance,acoustic
Performance,air
Performance,bebop
Performance,bop
Performance,chamber
Performance,classical
Performance,folk
Performance,fusion
Performance,harmony
Performance,hymn
Performance,jazz
Performance,measure
Performance,modern
Performance,plainsong
Performance,ragtime
Performance,refrain
Performance,song
Performance,strain
Performance,swing
Performance,a cappella
Performance,hard rock
Performance,heavy metal
Performance,instrumental
Performance,popular
Performance,rock and roll
Performance,disco
Performance,rock
Performance,samba
Performance,tango
Performance,waltz
Performance,Charleston
Performance,bob
Performance,boogie
Performance,caper
Performance,careen
Performance,cavort
Performance,conga
Performance,flit
Performance,foxtrot
Performance,frolic
Performance,gambol
Performance,hop
Performance,hustle
Performance,jig
Performance,jitter
Performance,jitterbug
Performance,jive
Performance,jump
Performance,leap
Performance,one-step
Performance,prance
Performance,promenade
Performance,rhumba
Performance,shimmy
Performance,skip
Performance,spin
Performance,step
Performance,strut
Performance,sway
Performance,swing
Performance,tap
Performance,tread
Performance,trip
Performance,twist
Performance,two-step
Performance,whirl
Performance,boogie down
Performance,bunny hop
Performance,cut a rug
Performance,foot it
Performance,get down
Performance,hoof it
Performance,rock n' roll
Performance,trip the light fantastic
Persuasion,advise
Persuasion,assure
Persuasion,cajole
Persuasion,coax
Persuasion,enlist
Persuasion,entice
Persuasion,exhort
Persuasion,get
Persuasion,impress
Persuasion,incline
Persuasion,induce
Persuasion,influence
Persuasion,prompt
Persuasion,satisfy
Persuasion,sway
Persuasion,urge
Persuasion,woo
Persuasion,actuate
Persuasion,affect
Persuasion,allure
Persuasion,blandish
Persuasion,brainwash
Persuasion,convert
Persuasion,counsel
Persuasion,draw
Persuasion,impel
Persuasion,incite
Persuasion,inveigle
Persuasion,lead
Persuasion,move
Persuasion,propagandize
Persuasion,proselytize
Persuasion,reason
Persuasion,seduce
Persuasion,sell
Persuasion,stroke
Persuasion,touch
Persuasion,wheedle
Persuasion,argue into
Persuasion,bring around
Persuasion,bring to senses
Persuasion,gain confidence of
Persuasion,lead to believe
Persuasion,lead to do
Persuasion,prevail upon
Persuasion,proselyte
Persuasion,talk into
Persuasion,turn on to
Persuasion,wear down
Persuasion,win argument
Persuasion,win over
Persuasion,work over
Persuasion,affect
Persuasion,alter
Persuasion,arouse
Persuasion,bias
Persuasion,change
Persuasion,determine
Persuasion,guide
Persuasion,impress
Persuasion,manipulate
Persuasion,persuade
Persuasion,prejudice
Persuasion,prompt
Persuasion,regulate
Persuasion,shape
Persuasion,sway
Persuasion,brainwash
Persuasion,bribe
Persuasion,channel
Persuasion,compel
Persuasion,control
Persuasion,count
Persuasion,direct
Persuasion,dispose
Persuasion,form
Persuasion,impel
Persuasion,incite
Persuasion,incline
Persuasion,induce
Persuasion,instigate
Persuasion,modify
Persuasion,mold
Persuasion,move
Persuasion,predispose
Persuasion,prevail
Persuasion,rouse
Persuasion,rule
Persuasion,seduce
Persuasion,sell
Persuasion,snow
Persuasion,train
Persuasion,turn
Persuasion,urge
Persuasion,act upon
Persuasion,argue into
Persuasion,be recognized
Persuasion,bring to bear
Persuasion,carry weight
Persuasion,get at
Persuasion,have a part in
Persuasion,impact on
Persuasion,pull strings
Persuasion,talk into
Persuasion,work upon
Persuasion,acquaintance
Persuasion,ally
Persuasion,associate
Persuasion,buddy
Persuasion,classmate
Persuasion,colleague
Persuasion,companion
Persuasion,cousin
Persuasion,partner
Persuasion,roommate
Persuasion,chum
Persuasion,cohort
Persuasion,compatriot
Persuasion,comrade
Persuasion,consort
Persuasion,crony
Persuasion,familiar
Persuasion,intimate
Persuasion,mate
Persuasion,pal
Persuasion,playmate
Persuasion,schoolmate
Persuasion,sidekick
Persuasion,spare
Persuasion,well-wisher
Persuasion,alter ego
Persuasion,bosom buddy
Persuasion,soul mate
Religion,church
Religion,creed
Religion,cult
Religion,denomination
Religion,doctrine
Religion,morality
Religion,myth
Religion,mythology
Religion,prayer
Religion,ritual
Religion,sect
Religion,spirituality
Religion,superstition
Religion,theology
Religion,communion
Religion,devotion
Religion,observance
Religion,orthodoxy
Religion,pietism
Religion,piety
Religion,preference
Religion,religiosity
Religion,rites
Religion,sacrifice
Religion,sanctification
Religion,standards
Religion,veneration
Religion,higher power
Religion,spiritual-mindedness
Religion,cherished
Religion,divine
Religion,hallowed
Religion,religious
Religion,revered
Religion,solemn
Religion,spiritual
Religion,angelic
Religion,consecrated
Religion,enshrined
Religion,godly
Religion,numinous
Religion,pious
Religion,pure
Religion,sacramental
Religion,saintly
Religion,sanctified
Religion,unprofane
Religion,venerable
Religion,apostolic
Religion,canonical
Religion,churchly
Religion,cleric
Religion,ecclesiastic
Religion,ecclesiastical
Religion,episcopal
Religion,holy
Religion,ministerial
Religion,monastic
Religion,monkish
Religion,papal
Religion,parsonical
Religion,parsonish
Religion,pastoral
Religion,pontifical
Religion,prelatic
Religion,priestly
Religion,rabbinical
Religion,sacerdotal
Religion,sacred
Religion,theocratical
Religion,all-powerful
Religion,almighty
Religion,ambrosial
Religion,angelic
Religion,anointed
Religion,beatific
Religion,beautiful
Religion,blissful
Religion,celestial
Religion,consecrated
Religion,deific
Religion,deistic
Religion,eternal
Religion,exalted
Religion,excellent
Religion,glorious
Religion,godly
Religion,hallowed
Religion,heavenly
Religion,holy
Religion,immaculate
Religion,magnificent
Religion,marvelous
Religion,mystical
Religion,omnipotent
Religion,omnipresent
Religion,omniscient
Religion,rapturous
Religion,religious
Religion,sacramental
Religion,sacred
Religion,sacrosanct
Religion,sanctified
Religion,spiritual
Religion,splendid
Religion,superhuman
Religion,superlative
Religion,supernatural
Religion,supreme
Religion,theistic
Religion,transcendent
Religion,transcendental
Religion,transmundane
Religion,unearthly
Religion,wonderful
Religion,angelic
Religion,born-again
Religion,celestial
Religion,charismatic
Religion,deific
Religion,devout
Religion,divine
Religion,god-fearing
Religion,good
Religion,holy
Religion,pietistic
Religion,pious
Religion,prayerful
Religion,righteous
Religion,saintlike
Religion,saintly
Religion,virtuous
Religion,adorable
Religion,archangelic
Religion,beatific
Religion,beneficent
Religion,celestial
Religion,cherubic
Religion,devout
Religion,divine
Religion,entrancing
Religion,ethereal
Religion,godly
Religion,good
Religion,heavenly
Religion,holy
Religion,humble
Religion,innocent
Religion,lovely
Religion,otherworldly
Religion,pure
Religion,radiant
Religion,rapturous
Religion,righteous
Religion,saintly
Religion,self-sacrificing
Religion,seraphic
Religion,virtuous
Sleight of Hand,chicanery
Sleight of Hand,deception
Sleight of Hand,trickery
Sleight of Hand,conjuration
Sleight of Hand,deceit
Sleight of Hand,double-dealing
Sleight of Hand,escamotage
Sleight of Hand,hocus-pocus
Sleight of Hand,legerdemain
Sleight of Hand,magic
Sleight of Hand,prestidigitation
Sleight of Hand,smoke and mirrors
Sleight of Hand,abduct
Sleight of Hand,divert
Sleight of Hand,embezzle
Sleight of Hand,keep
Sleight of Hand,kidnap
Sleight of Hand,loot
Sleight of Hand,pilfer
Sleight of Hand,plunder
Sleight of Hand,ransack
Sleight of Hand,remove
Sleight of Hand,strip
Sleight of Hand,swipe
Sleight of Hand,take
Sleight of Hand,appropriate
Sleight of Hand,blackmail
Sleight of Hand,burglarize
Sleight of Hand,cheat
Sleight of Hand,cozen
Sleight of Hand,defraud
Sleight of Hand,despoil
Sleight of Hand,heist
Sleight of Hand,housebreak
Sleight of Hand,lift
Sleight of Hand,misappropriate
Sleight of Hand,peculate
Sleight of Hand,pillage
Sleight of Hand,pinch
Sleight of Hand,pirate
Sleight of Hand,plagiarize
Sleight of Hand,poach
Sleight of Hand,purloin
Sleight of Hand,rifle
Sleight of Hand,sack
Sleight of Hand,shoplift
Sleight of Hand,snitch
Sleight of Hand,swindle
Sleight of Hand,thieve
Sleight of Hand,withdraw
Sleight of Hand,carry off
Sleight of Hand,hold for ransom
Sleight of Hand,hold up
Sleight of Hand,make off with
Sleight of Hand,rip off
Sleight of Hand,run off with
Sleight of Hand,spirit away
Sleight of Hand,stick up
Sleight of Hand,take possession of
Sleight of Hand,walk off with
Sleight of Hand,thief
Sleight of Hand,cutpurse
Sleight of Hand,dipper
Sleight of Hand,finger
Sleight of Hand,bag snatcher
Sleight of Hand,pocket picker
Sleight of Hand,purse snatcher
Sleight of Hand,sneak thief
Sleight of Hand,chicanery
Sleight of Hand,deception
Sleight of Hand,fraud
Sleight of Hand,scam
Sleight of Hand,swindle
Sleight of Hand,trickery
Sleight of Hand,artifice
Sleight of Hand,baloney
Sleight of Hand,bunco
Sleight of Hand,con
Sleight of Hand,cozening
Sleight of Hand,deceit
Sleight of Hand,dodge
Sleight of Hand,double-dealing
Sleight of Hand,fake
Sleight of Hand,fix
Sleight of Hand,flimflam
Sleight of Hand,frame
Sleight of Hand,gyp
Sleight of Hand,hoax
Sleight of Hand,hoaxing
Sleight of Hand,humbug
Sleight of Hand,hustle
Sleight of Hand,imposture
Sleight of Hand,jazz
Sleight of Hand,jive
Sleight of Hand,plant
Sleight of Hand,put-on
Sleight of Hand,racket
Sleight of Hand,rip-off
Sleight of Hand,sell
Sleight of Hand,sham
Sleight of Hand,spoof
Sleight of Hand,sting
Sleight of Hand,stunt
Sleight of Hand,whitewash
Sleight of Hand,wrong
Sleight of Hand,bamboozlement
Sleight of Hand,bill of goods
Sleight of Hand,con game
Sleight of Hand,cover up
Sleight of Hand,dirty pool
Sleight of Hand,dirty trick
Sleight of Hand,fast one
Sleight of Hand,fast shuffle
Sleight of Hand,hanky-panky
Sleight of Hand,run around
Sleight of Hand,shady deal
Sleight of Hand,shell game
Sleight of Hand,snow job
Sleight of Hand,betray
Sleight of Hand,cheat
Sleight of Hand,deceive
Sleight of Hand,defraud
Sleight of Hand,delude
Sleight of Hand,dupe
Sleight of Hand,entice
Sleight of Hand,fool
Sleight of Hand,fudge
Sleight of Hand,hoodwink
Sleight of Hand,lie
Sleight of Hand,misguide
Sleight of Hand,misinform
Sleight of Hand,misrepresent
Sleight of Hand,tempt
Sleight of Hand,bait
Sleight of Hand,beguile
Sleight of Hand,bilk
Sleight of Hand,bluff
Sleight of Hand,bunk
Sleight of Hand,cozen
Sleight of Hand,enmesh
Sleight of Hand,ensnare
Sleight of Hand,entangle
Sleight of Hand,gull
Sleight of Hand,hoax
Sleight of Hand,hose
Sleight of Hand,inveigle
Sleight of Hand,juggle
Sleight of Hand,lure
Sleight of Hand,misdirect
Sleight of Hand,outwit
Sleight of Hand,overreach
Sleight of Hand,pervert
Sleight of Hand,rook
Sleight of Hand,scam
Sleight of Hand,seduce
Sleight of Hand,shaft
Sleight of Hand,snow
Sleight of Hand,trick
Sleight of Hand,victimize
Sleight of Hand,double-cross
Sleight of Hand,illude
Sleight of Hand,lead astray
Sleight of Hand,lead on
Sleight of Hand,pull wool over eyes
Sleight of Hand,put on
Sleight of Hand,rip off
Sleight of Hand,rope in
Sleight of Hand,take in
Stealth,covertness
Stealth,furtiveness
Stealth,slyness
Stealth,clandestineness
Stealth,beard
Stealth,blind
Stealth,camouflage
Stealth,cover
Stealth,cover-up
Stealth,covering
Stealth,curtain
Stealth,disguise
Stealth,dissimulation
Stealth,front
Stealth,hideaway
Stealth,laundromat
Stealth,mask
Stealth,obliteration
Stealth,occultation
Stealth,privacy
Stealth,secretion
Stealth,veil
Stealth,wraps
Stealth,fig leaf
Stealth,hide-out
Stealth,obscuration
Stealth,red herring
Stealth,smoke screen
Stealth,bury
Stealth,camouflage
Stealth,cover
Stealth,disguise
Stealth,hole up
Stealth,mask
Stealth,obscure
Stealth,plant
Stealth,protect
Stealth,shelter
Stealth,shield
Stealth,smuggle
Stealth,stash
Stealth,suppress
Stealth,tuck away
Stealth,withhold
Stealth,adumbrate
Stealth,cache
Stealth,cloak
Stealth,curtain
Stealth,dissemble
Stealth,ditch
Stealth,duck
Stealth,eclipse
Stealth,ensconce
Stealth,harbor
Stealth,reserve
Stealth,screen
Stealth,secrete
Stealth,shadow
Stealth,shroud
Stealth,squirrel
Stealth,stifle
Stealth,veil
Stealth,blot out
Stealth,go into hiding
Stealth,go underground
Stealth,hold back
Stealth,hush up
Stealth,keep from
Stealth,keep secret
Stealth,lie low
Stealth,lock up
Stealth,not give away
Stealth,not tell
Stealth,put out of the way
Stealth,salt away
Stealth,stow away
Stealth,take cover
Stealth,ambuscade
Stealth,assail
Stealth,assault
Stealth,box in
Stealth,bushwhack
Stealth,decoy
Stealth,dry gulch
Stealth,ensnare
Stealth,entrap
Stealth,hem in
Stealth,hide
Stealth,hook
Stealth,jap
Stealth,jump
Stealth,lay for
Stealth,lurk
Stealth,net
Stealth,set trap
Stealth,surprise
Stealth,surround
Stealth,trap
Stealth,wait
Stealth,waylay
Stealth,abstain
Stealth,avert
Stealth,bypass
Stealth,circumlocute
Stealth,circumvent
Stealth,deflect
Stealth,desist
Stealth,ditch
Stealth,divert
Stealth,dodge
Stealth,duck
Stealth,elude
Stealth,escape
Stealth,eschew
Stealth,evade
Stealth,fake out
Stealth,fend off
Stealth,flee
Stealth,give the slip
Stealth,hide
Stealth,hold off
Stealth,jump
Stealth,keep clear
Stealth,lay low
Stealth,obviate
Stealth,recoil
Stealth,run for cover
Stealth,shake
Stealth,shake and bake
Stealth,shake off
Stealth,shirk
Stealth,shrink from
Stealth,shuffle off
Stealth,shun
Stealth,shy
Stealth,sidestep
Stealth,skip
Stealth,skip out on
Stealth,skip town
Stealth,skirt
Stealth,stay away
Stealth,stay out
Stealth,steer clear of
Stealth,step aside
Stealth,turn aside
Stealth,ward off
Stealth,weave
Stealth,withdraw
Stealth,ambush
Stealth,crawl
Stealth,creep
Stealth,evade
Stealth,hide
Stealth,slink
Stealth,slip
Stealth,slither
Stealth,smuggle
Stealth,steal
Stealth,case
Stealth,cheat
Stealth,cower
Stealth,deceive
Stealth,delude
Stealth,glide
Stealth,gumshoe
Stealth,lurk
Stealth,mooch
Stealth,ooze
Stealth,pad
Stealth,pass
Stealth,prowl
Stealth,pussyfoot
Stealth,secrete
Stealth,shirk
Stealth,sidle
Stealth,skulk
Stealth,slide
Stealth,snake
Stealth,snook
Stealth,spirit
Stealth,worm
Stealth,move secretly
Stealth,sly
Survival,path
Survival,record
Survival,step
Survival,trail
Survival,clue
Survival,footmark
Survival,footprint
Survival,footstep
Survival,groove
Survival,impress
Survival,impression
Survival,imprint
Survival,indication
Survival,memorial
Survival,monument
Survival,print
Survival,remains
Survival,remnant
Survival,rut
Survival,scent
Survival,sign
Survival,slot
Survival,spoor
Survival,symbol
Survival,token
Survival,trace
Survival,tract
Survival,tread
Survival,vestige
Survival,wake
Survival,course
Survival,highway
Survival,lane
Survival,line
Survival,rail
Survival,road
Survival,roadway
Survival,route
Survival,street
Survival,trail
Survival,alley
Survival,artery
Survival,avenue
Survival,boulevard
Survival,clearing
Survival,cut
Survival,drag
Survival,footpath
Survival,orbit
Survival,passage
Survival,pathway
Survival,rails
Survival,thoroughfare
Survival,trajectory
Survival,bear
Survival,endure
Survival,exist
Survival,get through
Survival,handle
Survival,keep
Survival,last
Survival,live
Survival,recover
Survival,remain
Survival,ride out
Survival,subsist
Survival,suffer
Survival,sustain
Survival,weather
Survival,withstand
Survival,outlast
Survival,outlive
Survival,outwear
Survival,persevere
Survival,persist
Survival,revive
Survival,be extant
Survival,be left
Survival,carry on
Survival,carry through
Survival,come through
Survival,cut it
Survival,get on
Survival,go all the way
Survival,go the limit
Survival,hold out
Survival,keep afloat
Survival,live down
Survival,live on
Survival,live out
Survival,live through
Survival,make a comeback
Survival,make the cut
Survival,pull out of it
Survival,pull through
Survival,remain alive
Survival,see through
Survival,stand up
Survival,tough it out
Survival,encampment
Survival,tent
Survival,bivouac
Survival,campfire
Survival,campground
Survival,caravansary
Survival,chalet
Survival,cottage
Survival,hut
Survival,lean-to
Survival,lodge
Survival,shack
Survival,shanty
Survival,shed
Survival,tepee
Survival,tilt
Survival,wigwam
Survival,camping ground
Survival,log cabin
Survival,summer home
Survival,tent city
Survival,exploration
Survival,hunting
Survival,inquiry
Survival,interrogation
Survival,investigation
Survival,probe
Survival,prosecution
Survival,pursuit
Survival,quest
Survival,race
Survival,raid
Survival,coursing
Survival,following
Survival,frisking
Survival,game
Survival,hounding
Survival,inquest
Survival,inquisition
Survival,meddling
Survival,prying
Survival,pursuance
Survival,pursuing
Survival,reconnaissance
Survival,research
Survival,rummage
Survival,scrutiny
Survival,seeking
Survival,sifting
Survival,snooping
Survival,sporting
Survival,steeplechase
Survival,study
Survival,tracing
Survival,trailing
Survival,field sport
Survival,look-see
Survival,forage
Survival,drag
Survival,examine
Survival,forage
Survival,go after
Survival,interrogate
Survival,investigate
Survival,prowl
Survival,scour
Survival,seek
Survival,delve
Survival,grope
Survival,inquire
Survival,probe
Survival,quest
Survival,question
Survival,ransack
Survival,rummage
Survival,sift
Survival,trace
Survival,trail
Survival,winnow
Survival,be on the lookout
Survival,cast about
Survival,ferret out
Survival,fish for
Survival,look all over hell
Survival,look high and low
Survival,nose around
Survival,run down
Survival,scratch around
Survival,search high heaven
Survival,try to find
